BEGIN TRY
    BEGIN TRANSACTION

USE ShopDB;

INSERT INTO Customers (CustomerID, FirstName, LastName, Email)
VALUES
    (1, 'John', 'Doe', 'john.doe@example.com'),
    (2, 'Jane', 'Smith', 'jane.smith@example.com'),
    (3, 'Michael', 'Johnson', 'michael.johnson@example.com'),
    (4, 'Emily', 'Williams', 'emily.williams@example.com'),
    (5, 'Daniel', 'Brown', 'daniel.brown@example.com'),
    (6, 'Sophia', 'Miller', 'sophia.miller@example.com'),
    (7, 'Ryan', 'Davis', 'ryan.davis@example.com'),
    (8, 'Olivia', 'Martinez', 'olivia.martinez@example.com'),
    (9, 'Noah', 'Taylor', 'noah.taylor@example.com'),
    (10, 'Ava', 'Anderson', 'ava.anderson@example.com'),
    (11, 'William', 'White', 'william.white@example.com'),
    (12, 'Emma', 'Wilson', 'emma.wilson@example.com'),
    (13, 'James', 'Moore', 'james.moore@example.com'),
    (14, 'Isabella', 'Lee', 'isabella.lee@example.com'),
    (15, 'Ethan', 'Harris', 'ethan.harris@example.com'),
    (16, 'Sophie', 'Clark', 'sophie.clark@example.com'),
    (17, 'Liam', 'Ward', 'liam.ward@example.com'),
    (18, 'Avery', 'Evans', 'avery.evans@example.com'),
    (19, 'Mia', 'Green', 'mia.green@example.com'),
    (20, 'Logan', 'Adams', 'logan.adams@example.com'),
    (21, 'Ella', 'Rogers', 'ella.rogers@example.com'),
    (22, 'Jackson', 'Fisher', 'jackson.fisher@example.com'),
    (23, 'Amelia', 'Carter', 'amelia.carter@example.com'),
    (24, 'Lucas', 'Baker', 'lucas.baker@example.com'),
    (25, 'Grace', 'Hall', 'grace.hall@example.com'),
    (26, 'Benjamin', 'Turner', 'benjamin.turner@example.com'),
    (27, 'Lily', 'Cooper', 'lily.cooper@example.com'),
    (28, 'Henry', 'Hayes', 'henry.hayes@example.com'),
    (29, 'Chloe', 'Bryant', 'chloe.bryant@example.com'),
    (30, 'Alexander', 'Fletcher', 'alexander.fletcher@example.com');



INSERT INTO Products (ProductID, ProductName, Price)
VALUES
    (1, 'Laptop', 999.99),
    (2, 'Smartphone', 499.99),
    (3, 'Tablet', 299.99),
    (4, 'Digital Camera', 199.99),
    (5, 'Headphones', 79.99),
    (6, 'Wireless Mouse', 29.99),
    (7, 'External Hard Drive', 129.99),
    (8, 'Smart TV', 899.99),
    (9, 'Gaming Console', 399.99),
    (10, 'Fitness Tracker', 49.99),
    (11, 'Coffee Maker', 69.99),
    (12, 'Blender', 49.99),
    (13, 'Toaster', 24.99),
    (14, 'Microwave Oven', 149.99),
    (15, 'Vacuum Cleaner', 129.99),
    (16, 'Air Purifier', 179.99),
    (17, 'Hair Dryer', 34.99),
    (18, 'Electric Shaver', 59.99),
    (19, 'Bluetooth Earbuds', 39.99),
    (20, 'Portable Charger', 19.99),
    (21, 'Backpack', 49.99),
    (22, 'Travel Mug', 14.99),
    (23, 'Desk Lamp', 29.99),
    (24, 'Yoga Mat', 19.99),
    (25, 'Dumbbell Set', 59.99),
    (26, 'Resistance Bands', 12.99),
    (27, 'Running Shoes', 79.99),
    (28, 'Gaming Keyboard', 89.99),
    (29, 'Wireless Router', 69.99),
    (30, 'Computer Monitor', 299.99),
    (31, 'Printed T-Shirt', 14.99),
    (32, 'Leather Wallet', 39.99),
    (33, 'Sunglasses', 29.99),
    (34, 'Digital Alarm Clock', 19.99),
    (35, 'Kitchen Knife Set', 59.99),
    (36, 'Bluetooth Headset', 54.99),
    (37, 'Sleeping Bag', 39.99),
    (38, 'Tennis Racket', 89.99),
    (39, 'Golf Balls (Set of 12)', 24.99),
    (40, 'Sunscreen SPF 50', 9.99),
    (41, 'Hiking Boots', 109.99),
    (42, 'Guitar', 199.99),
    (43, 'Cookware Set', 129.99),
    (44, 'Car Phone Mount', 14.99),
    (45, 'Wireless Charging Pad', 29.99),
    (46, 'Outdoor Folding Chair', 19.99),
    (47, 'Portable Bluetooth Printer', 79.99),
    (48, 'Wall Clock', 24.99),
    (49, 'Duffle Bag', 34.99),
    (50, 'Smart Doorbell', 149.99);



INSERT INTO Orders (OrderID, CustomerID, OrderDate)
VALUES
    (1, 1, '2022-01-15'),
    (2, 2, '2022-02-22'),
    (3, 3, '2022-02-22'),
    (4, 4, '2022-04-18'),
    (5, 5, '2022-05-25'),
    (6, 6, '2022-06-03'),
    (7, 7, '2022-07-12'),
    (8, 8, '2022-08-20'),
    (9, 9, '2022-09-28'),
    (10, 27, '2022-10-05'),
    (11, 20, '2022-11-15'),
    (12, 22, '2022-12-22'),
    (13, 3, '2021-01-10'),
    (14, 14, '2021-02-18'),
    (15, 11, '2021-03-25'),
    (16, 26, '2021-03-25'),
    (17, 13, '2021-05-1'),
    (18, 2, '2021-05-1'),
    (19, 9, '2021-07-28'),
    (20, 1, '2021-08-05'),
    (21, 10, '2021-09-15'),
    (22, 20, '2021-10-22'),
    (23, 3, '2021-11-10'),
    (24, 14, '2021-12-18'),
    (25, 15, '2021-01-25'),
    (26, 16, '2021-02-03'),
    (27, 7, '2021-03-12'),
    (28, 8, '2021-04-20'),
    (29, 9, '2021-05-28'),
    (30, 10, '2021-06-05'),
    (31, 1, '2021-07-15'),
    (32, 22, '2021-07-22'),
    (33, 23, '2021-09-10'),
    (34, 4, '2021-10-18'),
    (35, 5, '2021-10-25'),
    (36, 6, '2021-12-03'),
    (37, 7, '2020-01-12'),
    (38, 8, '2020-02-20'),
    (39, 9, '2020-03-28'),
    (40, 10, '2020-04-05'),
    (41, 1, '2020-05-15'),
    (42, 2, '2020-07-10'),
    (43, 3, '2020-07-10'),
    (44, 4, '2020-08-18'),
    (45, 5, '2020-09-25'),
    (46, 6, '2020-10-03'),
    (47, 7, '2020-11-12'),
    (48, 8, '2020-12-20'),
    (49, 9, '2020-01-28'),
    (50, 10, '2020-02-05'),
    (51, 13, '2020-03-15'),
    (52, 25, '2020-04-22'),
    (53, 30, '2020-05-10'),
    (54, 14, '2020-06-18'),
    (55, 15, '2020-07-25'),
    (56, 6, '2020-08-03'),
    (57, 7, '2020-09-12'),
    (58, 8, '2020-10-20'),
    (59, 29, '2020-11-28'),
    (60, 10, '2020-12-05');





INSERT INTO OrderDetails (OrderDetailsID, OrderID, ProductID, Quantity)
VALUES
    (1, 1, 1, 2),
    (2, 1, 2, 1),
    (3, 2, 3, 3),
    (4, 2, 4, 1),
    (5, 3, 5, 2),
    (6, 3, 6, 1),
    (7, 4, 7, 1),
    (8, 4, 8, 2),
    (9, 5, 9, 1),
    (10, 5, 10, 3),
	(11, 6, 11, 2),
    (12, 6, 12, 1),
    (13, 7, 13, 3),
    (14, 7, 14, 1),
    (15, 8, 15, 2),
    (16, 8, 16, 1),
    (17, 9, 17, 1),
    (18, 9, 18, 2),
    (19, 10, 19, 1),
    (20, 10, 20, 3),
    (21, 11, 21, 2),
    (22, 11, 22, 1),
    (23, 12, 23, 3),
    (24, 12, 24, 1),
    (25, 13, 25, 2),
    (26, 13, 26, 1),
    (27, 14, 27, 1),
    (28, 14, 28, 2),
    (29, 15, 29, 1),
    (30, 15, 30, 3),
    (31, 16, 31, 2),
    (32, 16, 32, 1),
    (33, 17, 33, 3),
    (34, 17, 34, 1),
    (35, 18, 35, 2),
    (36, 18, 36, 1),
    (37, 19, 37, 1),
    (38, 19, 38, 2),
    (39, 20, 39, 1),
    (40, 20, 40, 3),
    (41, 21, 41, 2),
    (42, 21, 42, 1),
    (43, 22, 43, 3),
    (44, 22, 44, 1),
    (45, 23, 45, 2),
    (46, 23, 46, 1),
    (47, 24, 47, 1),
    (48, 24, 48, 2),
    (49, 25, 49, 1),
    (50, 25, 50, 3),
    (51, 26, 11, 2),
    (52, 26, 32, 1),
    (53, 27, 23, 3),
    (54, 27, 24, 1),
    (55, 28, 15, 2),
    (56, 28, 16, 1),
    (57, 29, 17, 1),
    (58, 29, 18, 2),
    (59, 30, 19, 1),
    (60, 30, 10, 3),
	(61, 21, 1, 2),
    (62, 21, 2, 1),
    (63, 22, 3, 3),
    (64, 22, 4, 1),
    (65, 23, 5, 2),
    (66, 23, 6, 1),
    (67, 24, 7, 1),
    (68, 24, 8, 2),
    (69, 25, 9, 1),
    (70, 25, 10, 3),
    (71, 26, 11, 2),
    (72, 26, 12, 1),
    (73, 27, 13, 3),
    (74, 27, 14, 1),
    (75, 28, 15, 2),
    (76, 28, 16, 1),
    (77, 29, 17, 1),
    (78, 29, 18, 2),
    (79, 30, 19, 1),
    (80, 30, 20, 3),
    (81, 31, 21, 2),
    (82, 31, 22, 1),
    (83, 32, 23, 3),
    (84, 32, 24, 1),
    (85, 33, 25, 2),
    (86, 33, 26, 1),
    (87, 34, 27, 1),
    (88, 34, 28, 2),
    (89, 35, 29, 1),
    (90, 35, 30, 3),
    (91, 36, 31, 2),
    (92, 36, 32, 1),
    (93, 37, 33, 3),
    (94, 37, 34, 1),
    (95, 38, 35, 2),
    (96, 38, 36, 1),
    (97, 39, 37, 1),
    (98, 39, 38, 2),
    (99, 40, 39, 1),
    (100, 40, 40, 3),
    (101, 41, 41, 2),
    (102, 41, 42, 1),
    (103, 42, 43, 3),
    (104, 42, 44, 1),
    (105, 43, 45, 2),
    (106, 43, 46, 1),
    (107, 44, 47, 1),
    (108, 44, 48, 2),
    (109, 45, 19, 1),
    (110, 45, 10, 3),
    (111, 46, 41, 2),
    (112, 46, 42, 1),
    (113, 47, 33, 3),
    (114, 47, 34, 1),
    (115, 48, 25, 2),
    (116, 48, 26, 1),
    (117, 49, 17, 1),
    (118, 49, 8, 2),
    (119, 50, 9, 1),
    (120, 50, 6, 3),
	(121, 41, 1, 2),
    (122, 41, 2, 1),
    (123, 42, 3, 3),
    (124, 42, 4, 1),
    (125, 43, 5, 2),
    (126, 43, 6, 1),
    (127, 44, 7, 1),
    (128, 44, 8, 2),
    (129, 45, 9, 1),
    (130, 45, 10, 3),
    (131, 46, 11, 2),
    (132, 46, 12, 1),
    (133, 47, 13, 3),
    (134, 47, 14, 1),
    (135, 48, 15, 2),
    (136, 48, 16, 1),
    (137, 49, 17, 1),
    (138, 49, 18, 2),
    (139, 50, 19, 1),
    (140, 50, 20, 3),
    (141, 51, 21, 2),
    (142, 51, 22, 1),
    (143, 52, 3, 3),
    (144, 52, 14, 1),
    (145, 53, 5, 2),
    (146, 53,6, 1),
    (147, 54, 17, 1),
    (148, 54, 28, 2),
    (149, 55, 29, 1),
    (150, 55, 30, 3),
    (151, 56, 11, 2),
    (152, 56, 2, 1),
    (153, 57, 3, 3),
    (154, 57, 24, 1),
    (155, 58, 15, 2),
    (156, 58, 16, 1),
    (157, 59, 17, 1),
    (158, 59, 28, 2),
    (159, 60, 19, 1),
    (160, 60, 20, 3);


COMMIT
END TRY
BEGIN CATCH

SELECT
    ERROR_NUMBER() AS ErrorNumber,
    ERROR_STATE() AS ErrorState,
    ERROR_SEVERITY() AS ErrorSeverity,
    ERROR_PROCEDURE() AS ErrorProcedure,
    ERROR_LINE() AS ErrorLine,
    ERROR_MESSAGE() AS ErrorMessage;

    IF @@TRANCOUNT > 0
        ROLLBACK
END CATCH